,year,JD,ID,TimeDiff,AOD
2000-03-14 10:45:00,2000,074,20000741045,0.2,0.10639473684210526
2000-03-14 12:20:00,2000,074,20000741220,0.2,0.037588235294117645
2000-03-15 11:25:00,2000,075,20000751125,0.20273972602739726,0.010919148936170213
2000-03-16 10:30:00,2000,076,20000761030,0.2054794520547945,0.03731372549019608
2000-03-16 12:10:00,2000,076,20000761210,0.2054794520547945,0.0037372549019607845
2000-03-18 11:55:00,2000,078,20000781155,0.21095890410958903,0.11890588235294118
2000-03-19 11:00:00,2000,079,20000791100,0.2136986301369863,0.030444444444444444
2000-04-01 12:10:00,2000,092,20000921210,0.2493150684931507,0.15302008032128514
2000-04-11 11:10:00,2000,102,20001021110,0.27671232876712326,0.17245108695652175
2000-05-14 11:50:00,2000,135,20001351150,0.36712328767123287,0.08454237288135594
2000-05-16 11:40:00,2000,137,20001371140,0.3726027397260274,0.058062745098039215
2001-03-15 10:50:00,2001,074,20010741050,1.2027397260273973,0.0769078341013825
2001-03-31 10:50:00,2001,090,20010901050,1.2465753424657535,0.048991803278688524
2001-04-01 11:35:00,2001,091,20010911135,1.2493150684931507,0.06244621513944223
2001-04-02 10:40:00,2001,092,20010921040,1.252054794520548,0.06662
2001-04-04 10:25:00,2001,094,20010941025,1.2575342465753425,0.02854901960784314
2001-04-04 12:05:00,2001,094,20010941205,1.2575342465753425,0.07696850393700787
2001-04-08 11:40:00,2001,098,20010981140,1.2684931506849315,0.10118222222222223
2001-04-09 10:45:00,2001,099,20010991045,1.2712328767123289,0.017206349206349204
2001-04-10 11:25:00,2001,100,20011001125,1.273972602739726,0.05415040650406504
2001-04-11 10:30:00,2001,101,20011011030,1.2767123287671234,0.036115079365079364
2001-04-11 12:10:00,2001,101,20011011210,1.2767123287671234,0.0307921568627451
2001-04-12 11:15:00,2001,102,20011021115,1.2794520547945205,0.12984821428571428
2001-04-13 12:00:00,2001,103,20011031200,1.2821917808219179,0.07102118644067797
2001-04-14 11:05:00,2001,104,20011041105,1.284931506849315,0.10438271604938272
2001-04-15 11:45:00,2001,105,20011051145,1.2876712328767124,0.06386666666666667
2001-04-17 11:35:00,2001,107,20011071135,1.2931506849315069,0.0813686274509804
2001-04-20 10:25:00,2001,110,20011101025,1.3013698630136987,0.05987450980392157
2001-04-20 12:05:00,2001,110,20011101205,1.3013698630136987,0.07383921568627451
2001-04-21 11:10:00,2001,111,20011111110,1.3041095890410959,0.1063248730964467
2001-04-25 10:45:00,2001,115,20011151045,1.3150684931506849,0.06138492063492063
2001-04-28 11:15:00,2001,118,20011181115,1.3232876712328767,0.08137349397590361
2001-05-06 10:25:00,2001,126,20011261025,1.3452054794520547,0.09253359683794465
2001-05-06 12:05:00,2001,126,20011261205,1.3452054794520547,0.14139183673469385
2001-05-07 11:10:00,2001,127,20011271110,1.347945205479452,0.12671084337349398
2001-05-11 10:45:00,2001,131,20011311045,1.358904109589041,0.25996875
2001-05-17 11:45:00,2001,137,20011371145,1.3753424657534246,0.1299109947643979
2002-03-30 11:05:00,2002,089,20020891105,2.243835616438356,0.21087250996015935
2002-03-31 11:50:00,2002,090,20020901150,2.2465753424657535,0.11243137254901961
2002-04-04 11:25:00,2002,094,20020941125,2.2575342465753425,0.03418039215686274
2002-04-17 10:55:00,2002,107,20021071055,2.293150684931507,0.21656692913385828
2002-04-19 10:40:00,2002,109,20021091040,2.2986301369863016,0.1668549019607843
2002-04-20 11:25:00,2002,110,20021101125,2.3013698630136985,0.13510980392156863
2002-04-21 10:30:00,2002,111,20021111030,2.304109589041096,0.053016129032258066
2002-04-21 12:05:00,2002,111,20021111205,2.304109589041096,0.053200000000000004
2002-04-22 11:10:00,2002,112,20021121110,2.3068493150684932,0.12562248995983935
2002-04-23 10:15:00,2002,113,20021131015,2.3095890410958906,0.04939607843137255
2002-04-23 11:55:00,2002,113,20021131155,2.3095890410958906,0.06754901960784314
2002-04-24 11:00:00,2002,114,20021141100,2.3123287671232875,0.13549339207048458
2002-04-25 11:45:00,2002,115,20021151145,2.315068493150685,0.03351372549019608
2002-04-26 10:50:00,2002,116,20021161050,2.317808219178082,0.14869268292682927
2002-04-29 11:20:00,2002,119,20021191120,2.326027397260274,0.07091764705882353
2002-04-30 10:25:00,2002,120,20021201025,2.328767123287671,0.11466666666666667
2002-04-30 12:00:00,2002,120,20021201200,2.328767123287671,0.11655686274509805
2002-05-04 11:35:00,2002,124,20021241135,2.33972602739726,0.0682063492063492
2002-05-13 11:30:00,2002,133,20021331130,2.3643835616438356,0.1467420634920635
2003-03-18 11:50:00,2003,077,20030771150,3.210958904109589,0.0713843137254902
2003-03-18 13:25:00,2003,077,20030771325,3.210958904109589,0.08756097560975609
2003-03-19 10:55:00,2003,078,20030781055,3.213698630136986,0.13120784313725492
2003-03-19 12:30:00,2003,078,20030781230,3.213698630136986,0.08404313725490196
2003-03-19 14:10:00,2003,078,20030781410,3.213698630136986,0.07418039215686276
2003-03-20 11:35:00,2003,079,20030791135,3.2164383561643834,0.06725882352941177
2003-03-20 13:15:00,2003,079,20030791315,3.2164383561643834,0.03077952755905512
2003-03-21 10:40:00,2003,080,20030801040,3.219178082191781,0.1297450980392157
2003-03-21 13:55:00,2003,080,20030801355,3.219178082191781,0.12003529411764706
2003-03-29 11:30:00,2003,088,20030881130,3.241095890410959,0.22433
2003-04-01 10:20:00,2003,091,20030911020,3.249315068493151,0.12577254901960783
2003-04-01 12:00:00,2003,091,20030911200,3.249315068493151,0.11475686274509803
2003-04-01 13:40:00,2003,091,20030911340,3.249315068493151,0.15376892430278882
2003-04-03 11:50:00,2003,093,20030931150,3.254794520547945,0.06154901960784313
2003-04-03 13:25:00,2003,093,20030931325,3.254794520547945,0.09460251046025105
2003-04-04 10:55:00,2003,094,20030941055,3.2575342465753425,0.11151807228915663
2003-04-04 12:30:00,2003,094,20030941230,3.2575342465753425,0.03787450980392157
2003-04-04 14:10:00,2003,094,20030941410,3.2575342465753425,0.04688235294117647
2003-04-05 11:35:00,2003,095,20030951135,3.26027397260274,0.03996078431372549
2003-04-05 13:15:00,2003,095,20030951315,3.26027397260274,0.04428853754940712
2003-04-06 10:40:00,2003,096,20030961040,3.263013698630137,0.0722063492063492
2003-04-06 14:00:00,2003,096,20030961400,3.263013698630137,0.047590551181102364
2003-04-07 11:25:00,2003,097,20030971125,3.265753424657534,0.03518503937007874
2003-04-07 13:05:00,2003,097,20030971305,3.265753424657534,0.032161417322834646
2003-04-08 13:45:00,2003,098,20030981345,3.2684931506849315,0.19151528384279476
2003-04-09 11:10:00,2003,099,20030991110,3.271232876712329,0.23724358974358975
2003-04-09 12:50:00,2003,099,20030991250,3.271232876712329,0.2526239316239316
2003-04-10 10:15:00,2003,100,20031001015,3.2739726027397262,0.09412549019607844
2003-04-10 11:55:00,2003,100,20031001155,3.2739726027397262,0.10932941176470588
2003-04-10 13:35:00,2003,100,20031001335,3.2739726027397262,0.09452173913043478
2003-04-25 12:50:00,2003,115,20031151250,3.315068493150685,0.19517991631799161
2003-04-27 11:00:00,2003,117,20031171100,3.3205479452054796,0.10141568627450981
2003-04-27 12:40:00,2003,117,20031171240,3.3205479452054796,0.0783843137254902
2003-05-02 11:15:00,2003,122,20031221115,3.334246575342466,0.10812598425196851
2003-05-02 12:55:00,2003,122,20031221255,3.334246575342466,0.1224408163265306
2003-05-03 10:20:00,2003,123,20031231020,3.336986301369863,0.11607450980392157
2003-05-03 12:00:00,2003,123,20031231200,3.336986301369863,0.1643237704918033
2003-05-04 11:05:00,2003,124,20031241105,3.33972602739726,0.2448031496062992
2003-05-09 11:25:00,2003,129,20031291125,3.3534246575342466,0.20418
2003-05-09 13:05:00,2003,129,20031291305,3.3534246575342466,0.24961576354679804
2003-05-10 10:30:00,2003,130,20031301030,3.356164383561644,0.1156313725490196
2003-05-10 13:45:00,2003,130,20031301345,3.356164383561644,0.21693157894736842
2003-05-11 11:10:00,2003,131,20031311110,3.3589041095890413,0.26095
2003-05-12 10:15:00,2003,132,20031321015,3.361643835616438,0.09870980392156863
2003-05-13 11:00:00,2003,133,20031331100,3.3643835616438356,0.11839525691699605
2003-05-13 12:40:00,2003,133,20031331240,3.3643835616438356,0.1632801724137931
2003-05-14 11:40:00,2003,134,20031341140,3.367123287671233,0.12009411764705882
2003-05-14 13:20:00,2003,134,20031341320,3.367123287671233,0.09645748987854251
2003-05-15 10:45:00,2003,135,20031351045,3.3698630136986303,0.28488655462184875
2003-05-17 10:35:00,2003,137,20031371035,3.3753424657534246,0.20775336322869956
2003-05-18 11:15:00,2003,138,20031381115,3.378082191780822,0.09784313725490196
2003-05-18 12:55:00,2003,138,20031381255,3.378082191780822,0.11964705882352941
2004-03-14 10:45:00,2004,074,20040741045,4.2027397260273975,0.20856746031746032
2004-03-14 12:25:00,2004,074,20040741225,4.2027397260273975,0.17137860082304526
2004-03-14 14:05:00,2004,074,20040741405,4.2027397260273975,0.17118721461187214
2004-03-15 11:30:00,2004,075,20040751130,4.205479452054795,0.16609411764705884
2004-03-15 13:10:00,2004,075,20040751310,4.205479452054795,0.17824409448818898
2004-03-16 10:35:00,2004,076,20040761035,4.208219178082191,0.4580502512562814
2004-03-19 11:05:00,2004,079,20040791105,4.2164383561643834,0.29234599156118146
2004-03-21 10:55:00,2004,081,20040811055,4.221917808219178,0.15819523809523808
2004-03-23 10:40:00,2004,083,20040831040,4.227397260273973,0.1304229074889868
2004-03-25 10:30:00,2004,085,20040851030,4.232876712328767,0.08168145161290323
2004-03-25 12:05:00,2004,085,20040851205,4.232876712328767,0.038827450980392156
2004-03-25 13:45:00,2004,085,20040851345,4.232876712328767,0.0821255060728745
2004-04-04 11:05:00,2004,095,20040951105,4.260273972602739,0.2537765363128492
2004-04-06 10:50:00,2004,097,20040971050,4.265753424657534,0.09727843137254902
2004-04-06 12:35:00,2004,097,20040971235,4.265753424657534,0.0698
2004-04-06 14:10:00,2004,097,20040971410,4.265753424657534,0.05997647058823529
2004-04-09 11:25:00,2004,100,20041001125,4.273972602739726,0.06530980392156863
2004-04-09 13:05:00,2004,100,20041001305,4.273972602739726,0.04803921568627451
2004-04-13 11:00:00,2004,104,20041041100,4.284931506849315,0.16592116182572614
2004-04-13 12:40:00,2004,104,20041041240,4.284931506849315,0.13446666666666668
2004-04-14 11:40:00,2004,105,20041051140,4.287671232876712,0.07969019607843136
2004-04-14 13:20:00,2004,105,20041051320,4.287671232876712,0.11817391304347827
2004-04-15 10:45:00,2004,106,20041061045,4.2904109589041095,0.17681496062992128
2004-04-15 12:25:00,2004,106,20041061225,4.2904109589041095,0.12410980392156863
2004-04-15 14:05:00,2004,106,20041061405,4.2904109589041095,0.11947236180904522
2004-04-23 11:35:00,2004,114,20041141135,4.3123287671232875,0.023596078431372552
2004-04-23 13:15:00,2004,114,20041141315,4.3123287671232875,0.03293333333333333
2004-04-24 10:40:00,2004,115,20041151040,4.315068493150685,0.08498039215686275
2004-04-24 14:00:00,2004,115,20041151400,4.315068493150685,0.03636862745098039
2004-04-25 11:25:00,2004,116,20041161125,4.317808219178082,0.048317647058823535
2004-04-25 13:05:00,2004,116,20041161305,4.317808219178082,0.02332941176470588
2004-04-26 10:30:00,2004,117,20041171030,4.32054794520548,0.10402745098039216
2004-04-26 12:05:00,2004,117,20041171205,4.32054794520548,0.07883921568627451
2004-04-26 13:45:00,2004,117,20041171345,4.32054794520548,0.10121960784313726
2004-04-27 12:50:00,2004,118,20041181250,4.323287671232877,0.18112765957446808
2004-05-08 10:50:00,2004,129,20041291050,4.353424657534247,0.1311968503937008
2004-05-08 12:35:00,2004,129,20041291235,4.353424657534247,0.05413333333333333
2004-05-08 14:10:00,2004,129,20041291410,4.353424657534247,0.03410588235294118
2004-05-13 11:10:00,2004,134,20041341110,4.367123287671233,0.3174652406417112
2004-05-14 10:15:00,2004,135,20041351015,4.36986301369863,0.12913333333333332
2004-05-14 11:55:00,2004,135,20041351155,4.36986301369863,0.14207058823529412
2004-05-16 11:40:00,2004,137,20041371140,4.375342465753425,0.19246987951807226
2004-05-17 10:45:00,2004,138,20041381045,4.3780821917808215,0.14643529411764705
2004-05-17 12:25:00,2004,138,20041381225,4.3780821917808215,0.15556470588235294
2005-03-15 11:00:00,2005,074,20050741100,5.205479452054795,0.19621739130434782
2005-03-15 12:40:00,2005,074,20050741240,5.205479452054795,0.2000392156862745
2005-03-16 11:40:00,2005,075,20050751140,5.208219178082191,0.10441568627450981
2005-03-16 13:20:00,2005,075,20050751320,5.208219178082191,0.11909448818897639
2005-03-18 11:30:00,2005,077,20050771130,5.213698630136986,0.10978039215686275
2005-03-18 13:10:00,2005,077,20050771310,5.213698630136986,0.10551764705882352
2005-03-26 14:00:00,2005,085,20050851400,5.235616438356164,0.145197247706422
2005-04-05 12:55:00,2005,095,20050951255,5.263013698630137,0.28194329896907216
2005-04-09 12:35:00,2005,099,20050991235,5.273972602739726,0.13330366492146598
2005-04-09 14:10:00,2005,099,20050991410,5.273972602739726,0.14795336787564767
2005-04-10 11:35:00,2005,100,20051001135,5.276712328767124,0.0695494071146245
2005-04-10 13:15:00,2005,100,20051001315,5.276712328767124,0.06004347826086956
2005-04-11 14:00:00,2005,101,20051011400,5.279452054794521,0.09370588235294118
2005-04-12 11:25:00,2005,102,20051021125,5.282191780821917,0.09280478087649402
2005-04-12 13:05:00,2005,102,20051021305,5.282191780821917,0.06076470588235294
2005-04-13 10:25:00,2005,103,20051031025,5.284931506849315,0.07799607843137256
2005-04-13 12:05:00,2005,103,20051031205,5.284931506849315,0.054003921568627454
2005-04-13 13:45:00,2005,103,20051031345,5.284931506849315,0.0432
2005-04-22 12:00:00,2005,112,20051121200,5.30958904109589,0.05256078431372549
2005-04-22 13:40:00,2005,112,20051121340,5.30958904109589,0.08491732283464568
2005-04-25 10:50:00,2005,115,20051151050,5.317808219178082,0.08854901960784313
2005-04-25 14:10:00,2005,115,20051151410,5.317808219178082,0.03418396226415094
2005-04-26 11:35:00,2005,116,20051161135,5.32054794520548,0.03103529411764706
2005-04-26 13:15:00,2005,116,20051161315,5.32054794520548,0.02282745098039216
2005-04-27 10:40:00,2005,117,20051171040,5.323287671232877,0.09106274509803922
2005-04-27 14:00:00,2005,117,20051171400,5.323287671232877,0.039235294117647056
2005-04-28 11:25:00,2005,118,20051181125,5.326027397260274,0.07678039215686275
2005-04-28 13:05:00,2005,118,20051181305,5.326027397260274,0.06003137254901961
2005-04-29 10:25:00,2005,119,20051191025,5.328767123287672,0.11849803921568627
2005-04-29 12:05:00,2005,119,20051191205,5.328767123287672,0.07219607843137256
2005-04-29 13:45:00,2005,119,20051191345,5.328767123287672,0.1149921568627451
2005-05-02 11:00:00,2005,122,20051221100,5.336986301369863,0.12085140562248996
2005-05-02 12:40:00,2005,122,20051221240,5.336986301369863,0.09727843137254902
2005-05-04 10:45:00,2005,124,20051241045,5.342465753424658,0.24005957446808512
2005-05-04 12:25:00,2005,124,20051241225,5.342465753424658,0.0907244094488189
2005-05-05 11:30:00,2005,125,20051251130,5.345205479452055,0.07479607843137255
2005-05-05 13:10:00,2005,125,20051251310,5.345205479452055,0.06753333333333333
2005-05-06 10:35:00,2005,126,20051261035,5.347945205479452,0.09805490196078433
2005-05-06 13:50:00,2005,126,20051261350,5.347945205479452,0.056392156862745096
2005-05-07 11:15:00,2005,127,20051271115,5.35068493150685,0.07631372549019608
2005-05-07 12:55:00,2005,127,20051271255,5.35068493150685,0.0481686274509804
2005-05-08 13:40:00,2005,128,20051281340,5.353424657534247,0.2177945945945946
2005-05-14 13:00:00,2005,134,20051341300,5.36986301369863,0.09436
2005-05-18 11:00:00,2005,138,20051381100,5.380821917808219,0.019027450980392158
2006-03-15 10:25:00,2006,074,20060741025,6.205479452054795,0.07398039215686275
2006-03-15 12:05:00,2006,074,20060741205,6.205479452054795,0.05391764705882353
2006-03-15 13:45:00,2006,074,20060741345,6.205479452054795,0.028850980392156864
2006-03-16 11:10:00,2006,075,20060751110,6.208219178082191,0.1515770750988142
2006-03-16 12:50:00,2006,075,20060751250,6.208219178082191,0.0845764705882353
2006-03-28 11:35:00,2006,087,20060871135,6.241095890410959,0.02041176470588235
2006-03-28 13:15:00,2006,087,20060871315,6.241095890410959,0.039286274509803924
2006-03-29 14:00:00,2006,088,20060881400,6.243835616438356,0.11927710843373494
2006-04-02 10:15:00,2006,092,20060921015,6.254794520547946,0.0765921568627451
2006-04-02 11:55:00,2006,092,20060921155,6.254794520547946,0.09276076555023922
2006-04-04 13:20:00,2006,094,20060941320,6.260273972602739,0.14269396551724137
2006-04-11 11:45:00,2006,101,20061011145,6.279452054794521,0.03245098039215687
2006-04-11 13:30:00,2006,101,20061011330,6.279452054794521,0.047507874015748026
2006-04-12 10:50:00,2006,102,20061021050,6.282191780821917,0.09758431372549019
2006-04-12 12:35:00,2006,102,20061021235,6.282191780821917,0.05069411764705883
2006-04-12 14:10:00,2006,102,20061021410,6.282191780821917,0.047631372549019606
2006-04-13 11:35:00,2006,103,20061031135,6.284931506849315,0.01849019607843137
2006-04-13 13:15:00,2006,103,20061031315,6.284931506849315,0.04383529411764706
2006-04-15 13:05:00,2006,105,20061051305,6.2904109589041095,0.14869262295081967
2006-04-18 10:15:00,2006,108,20061081015,6.298630136986302,0.08619905213270143
2006-04-19 11:00:00,2006,109,20061091100,6.301369863013699,0.13182938388625592
2006-04-24 11:15:00,2006,114,20061141115,6.315068493150685,0.21890079365079365
2006-04-24 13:00:00,2006,114,20061141300,6.315068493150685,0.1715748031496063
2006-04-25 13:40:00,2006,115,20061151340,6.317808219178082,0.2164516129032258
2006-04-26 11:05:00,2006,116,20061161105,6.32054794520548,0.15075984251968505
2006-04-26 12:45:00,2006,116,20061161245,6.32054794520548,0.06838039215686274
2006-04-27 11:45:00,2006,117,20061171145,6.323287671232877,0.08094901960784315
2006-04-27 13:30:00,2006,117,20061171330,6.323287671232877,0.06600790513833993
2006-04-28 10:50:00,2006,118,20061181050,6.326027397260274,0.17006912442396313
2006-04-28 12:35:00,2006,118,20061181235,6.326027397260274,0.08151764705882353
2006-04-28 14:10:00,2006,118,20061181410,6.326027397260274,0.07512156862745098
2006-04-29 11:35:00,2006,119,20061191135,6.328767123287672,0.07113725490196078
2006-04-29 13:15:00,2006,119,20061191315,6.328767123287672,0.09188235294117647
2006-04-30 10:40:00,2006,120,20061201040,6.331506849315068,0.14331496062992127
2006-04-30 14:00:00,2006,120,20061201400,6.331506849315068,0.06800784313725491
2006-05-01 11:20:00,2006,121,20061211120,6.3342465753424655,0.11012156862745098
2006-05-01 13:05:00,2006,121,20061211305,6.3342465753424655,0.0783503937007874
2006-05-02 10:25:00,2006,122,20061221025,6.336986301369863,0.16420392156862745
2006-05-02 12:05:00,2006,122,20061221205,6.336986301369863,0.16470204081632653
2006-05-08 11:30:00,2006,128,20061281130,6.353424657534247,0.12056666666666667
2006-05-09 10:35:00,2006,129,20061291035,6.3561643835616435,0.11922745098039217
2006-05-09 13:55:00,2006,129,20061291355,6.3561643835616435,0.05567843137254902
2006-05-10 11:15:00,2006,130,20061301115,6.358904109589041,0.09221343873517786
2006-05-10 13:00:00,2006,130,20061301300,6.358904109589041,0.056672645739910314
2006-05-14 10:50:00,2006,134,20061341050,6.36986301369863,0.2240551181102362
2006-05-16 10:40:00,2006,136,20061361040,6.375342465753425,0.13905882352941176
2007-03-15 11:35:00,2007,074,20070741135,7.205479452054795,0.08507450980392157
2007-03-15 13:20:00,2007,074,20070741320,7.205479452054795,0.08361445783132529
2007-03-17 11:25:00,2007,076,20070761125,7.210958904109589,0.18533333333333335
2007-03-17 13:05:00,2007,076,20070761305,7.210958904109589,0.14819521912350597
2007-03-18 10:30:00,2007,077,20070771030,7.213698630136986,0.10503921568627451
2007-03-18 12:05:00,2007,077,20070771205,7.213698630136986,0.08061960784313726
2007-03-18 13:50:00,2007,077,20070771350,7.213698630136986,0.09252156862745098
2007-03-21 11:00:00,2007,080,20070801100,7.221917808219178,0.11698076923076922
2007-03-22 13:25:00,2007,081,20070811325,7.2246575342465755,0.04380952380952381
2007-03-24 11:30:00,2007,083,20070831130,7.23013698630137,0.03454509803921569
2007-03-24 13:15:00,2007,083,20070831315,7.23013698630137,0.04451764705882353
2007-03-25 10:35:00,2007,084,20070841035,7.232876712328767,0.10876862745098038
2007-04-15 10:55:00,2007,105,20071051055,7.2904109589041095,0.21098031496062994
2007-04-16 11:35:00,2007,106,20071061135,7.293150684931507,0.23166346153846154
2007-04-17 10:40:00,2007,107,20071071040,7.295890410958904,0.2307764705882353
2007-04-18 11:25:00,2007,108,20071081125,7.298630136986302,0.17417813765182186
2007-04-19 10:30:00,2007,109,20071091030,7.301369863013699,0.08445098039215687
2007-04-19 12:05:00,2007,109,20071091205,7.301369863013699,0.08725490196078431
2007-04-19 13:50:00,2007,109,20071091350,7.301369863013699,0.1292086956521739
2007-04-20 11:10:00,2007,110,20071101110,7.304109589041096,0.3079074889867841
2007-04-22 11:00:00,2007,112,20071121100,7.30958904109589,0.12699604743083004
2007-04-22 12:40:00,2007,112,20071121240,7.30958904109589,0.09867450980392156
2007-04-23 11:40:00,2007,113,20071131140,7.3123287671232875,0.14256078431372549
2007-04-23 13:25:00,2007,113,20071131325,7.3123287671232875,0.1348893442622951
2007-04-24 10:45:00,2007,114,20071141045,7.315068493150685,0.19558149779735684
2007-05-05 10:30:00,2007,125,20071251030,7.345205479452055,0.18866515837104073
2007-05-06 11:10:00,2007,126,20071261110,7.347945205479452,0.20363761467889907
2007-05-07 10:15:00,2007,127,20071271015,7.35068493150685,0.054694117647058824
2007-05-07 11:55:00,2007,127,20071271155,7.35068493150685,0.06769019607843137
2007-05-07 13:35:00,2007,127,20071271335,7.35068493150685,0.11396380090497737
2007-05-08 11:00:00,2007,128,20071281100,7.353424657534247,0.046129411764705884
2007-05-08 12:40:00,2007,128,20071281240,7.353424657534247,0.05755686274509804
2007-05-09 11:40:00,2007,129,20071291140,7.3561643835616435,0.04489019607843137
2007-05-09 13:25:00,2007,129,20071291325,7.3561643835616435,0.04108661417322835
2007-05-10 10:45:00,2007,130,20071301045,7.358904109589041,0.158552
2007-05-10 12:30:00,2007,130,20071301230,7.358904109589041,0.14172727272727273
2007-05-10 14:05:00,2007,130,20071301405,7.358904109589041,0.10410980392156863
2007-05-11 11:30:00,2007,131,20071311130,7.361643835616438,0.11132921810699588
2007-05-12 10:35:00,2007,132,20071321035,7.364383561643836,0.18917741935483873
2007-05-15 11:05:00,2007,135,20071351105,7.372602739726028,0.17794222222222222
2007-05-15 12:50:00,2007,135,20071351250,7.372602739726028,0.1008
2008-03-15 11:45:00,2008,075,20080751145,8.208219178082192,0.12865000000000001
2008-03-15 13:30:00,2008,075,20080751330,8.208219178082192,0.044436507936507934
2008-03-16 10:50:00,2008,076,20080761050,8.210958904109589,0.09069803921568628
2008-03-16 12:35:00,2008,076,20080761235,8.210958904109589,0.0622085308056872
2008-03-19 11:25:00,2008,079,20080791125,8.219178082191782,0.08359504132231405
2008-03-20 12:05:00,2008,080,20080801205,8.221917808219178,0.10092436974789916
2008-03-20 13:50:00,2008,080,20080801350,8.221917808219178,0.10532780082987551
2008-03-21 11:10:00,2008,081,20080811110,8.224657534246575,0.06877542372881357
2008-03-23 11:00:00,2008,083,20080831100,8.23013698630137,0.17420547945205478
2008-03-25 10:45:00,2008,085,20080851045,8.235616438356164,0.0569843137254902
2008-03-28 11:15:00,2008,088,20080881115,8.243835616438357,0.11685116279069767
2008-03-31 11:45:00,2008,091,20080911145,8.252054794520548,0.07735323383084576
2008-04-01 10:50:00,2008,092,20080921050,8.254794520547945,0.16869322709163348
2008-04-02 11:35:00,2008,093,20080931135,8.257534246575343,0.032058823529411765
2008-04-02 13:20:00,2008,093,20080931320,8.257534246575343,0.016501960784313728
2008-04-03 10:40:00,2008,094,20080941040,8.26027397260274,0.07481102362204725
2008-04-03 14:00:00,2008,094,20080941400,8.26027397260274,0.026360784313725488
2008-04-04 11:25:00,2008,095,20080951125,8.263013698630138,0.06119607843137255
2008-04-04 13:05:00,2008,095,20080951305,8.263013698630138,0.027576470588235296
2008-04-05 10:30:00,2008,096,20080961030,8.265753424657534,0.09614901960784314
2008-04-05 12:05:00,2008,096,20080961205,8.265753424657534,0.04945882352941176
2008-04-05 13:50:00,2008,096,20080961350,8.265753424657534,0.0329843137254902
2008-04-16 11:45:00,2008,107,20081071145,8.295890410958904,0.2231821862348178
2008-04-16 13:30:00,2008,107,20081071330,8.295890410958904,0.2575080213903743
2008-04-22 11:10:00,2008,113,20081131110,8.312328767123288,0.21488429752066115
2008-04-27 11:30:00,2008,118,20081181130,8.326027397260274,0.1761501976284585
2008-04-27 13:10:00,2008,118,20081181310,8.326027397260274,0.13472111553784863
2008-04-28 13:55:00,2008,119,20081191355,8.32876712328767,0.1328252032520325
2008-04-29 11:15:00,2008,120,20081201115,8.331506849315069,0.15141897233201582
2008-04-29 13:00:00,2008,120,20081201300,8.331506849315069,0.1437372549019608
2008-04-30 10:20:00,2008,121,20081211020,8.334246575342465,0.10340711462450593
2008-04-30 12:00:00,2008,121,20081211200,8.334246575342465,0.07242857142857143
2008-04-30 13:45:00,2008,121,20081211345,8.334246575342465,0.0720079365079365
2008-05-01 11:05:00,2008,122,20081221105,8.336986301369864,0.11156626506024096
2008-05-01 12:50:00,2008,122,20081221250,8.336986301369864,0.10232941176470588
2009-03-15 11:20:00,2009,074,20090741120,9.208219178082192,0.15470980392156863
2009-03-15 13:05:00,2009,074,20090741305,9.208219178082192,0.12545405405405405
2009-03-16 10:25:00,2009,075,20090751025,9.210958904109589,0.09409411764705883
2009-03-16 12:00:00,2009,075,20090751200,9.210958904109589,0.06978039215686274
2009-03-16 13:50:00,2009,075,20090751350,9.210958904109589,0.06907228915662651
2009-03-17 11:05:00,2009,076,20090761105,9.213698630136987,0.131972
2009-03-17 12:55:00,2009,076,20090761255,9.213698630136987,0.07409803921568626
2009-03-18 11:50:00,2009,077,20090771150,9.216438356164383,0.04021176470588235
2009-03-18 13:35:00,2009,077,20090771335,9.216438356164383,0.0500235294117647
2009-03-19 10:55:00,2009,078,20090781055,9.219178082191782,0.11764705882352941
2009-03-19 12:40:00,2009,078,20090781240,9.219178082191782,0.054827450980392156
2009-03-19 14:20:00,2009,078,20090781420,9.219178082191782,0.03305490196078431
2009-03-20 11:35:00,2009,079,20090791135,9.221917808219178,0.06306666666666667
2009-03-20 13:25:00,2009,079,20090791325,9.221917808219178,0.03478823529411765
2009-03-21 10:40:00,2009,080,20090801040,9.224657534246575,0.12454117647058824
2009-03-21 14:05:00,2009,080,20090801405,9.224657534246575,0.04522352941176471
2009-03-22 11:25:00,2009,081,20090811125,9.227397260273973,0.14019215686274508
2009-03-22 13:10:00,2009,081,20090811310,9.227397260273973,0.10952156862745098
2009-03-23 10:30:00,2009,082,20090821030,9.23013698630137,0.09645098039215687
2009-03-23 12:05:00,2009,082,20090821205,9.23013698630137,0.05092941176470588
2009-03-23 13:55:00,2009,082,20090821355,9.23013698630137,0.08547826086956521
2009-03-24 11:10:00,2009,083,20090831110,9.232876712328768,0.12738912133891214
2009-03-25 10:15:00,2009,084,20090841015,9.235616438356164,0.03461176470588235
2009-03-25 11:55:00,2009,084,20090841155,9.235616438356164,0.0156
2009-03-25 13:40:00,2009,084,20090841340,9.235616438356164,0.01996078431372549
2009-03-26 11:00:00,2009,085,20090851100,9.238356164383562,0.07835826771653544
2009-03-26 12:45:00,2009,085,20090851245,9.238356164383562,0.018074509803921567
2009-03-27 11:40:00,2009,086,20090861140,9.241095890410959,0.04434117647058824
2009-03-27 13:30:00,2009,086,20090861330,9.241095890410959,0.05088235294117647
2009-04-01 12:00:00,2009,091,20090911200,9.254794520547945,0.1167843137254902
2009-04-01 13:50:00,2009,091,20090911350,9.254794520547945,0.162748
2009-04-03 11:50:00,2009,093,20090931150,9.26027397260274,0.18033333333333335
2009-04-03 13:35:00,2009,093,20090931335,9.26027397260274,0.1763148936170213
2009-04-05 11:35:00,2009,095,20090951135,9.265753424657534,0.11083921568627451
2009-04-05 13:25:00,2009,095,20090951325,9.265753424657534,0.07844621513944224
2009-04-09 11:10:00,2009,099,20090991110,9.276712328767124,0.21566666666666665
2009-04-13 10:45:00,2009,103,20091031045,9.287671232876713,0.0967921568627451
2009-04-13 14:10:00,2009,103,20091031410,9.287671232876713,0.05618823529411764
2009-04-21 11:35:00,2009,111,20091111135,9.30958904109589,0.08562745098039215
2009-04-21 13:25:00,2009,111,20091111325,9.30958904109589,0.06461842105263157
2009-04-22 10:40:00,2009,112,20091121040,9.312328767123288,0.13691372549019606
2009-04-22 14:05:00,2009,112,20091121405,9.312328767123288,0.0743921568627451
2009-04-23 11:25:00,2009,113,20091131125,9.315068493150685,0.05436470588235294
2009-04-23 13:10:00,2009,113,20091131310,9.315068493150685,0.04189285714285715
2009-04-25 13:00:00,2009,115,20091151300,9.32054794520548,0.11795686274509803
2009-04-27 11:00:00,2009,117,20091171100,9.326027397260274,0.1519206349206349
2009-04-28 13:30:00,2009,118,20091181330,9.32876712328767,0.17725462962962962
2009-04-29 10:45:00,2009,119,20091191045,9.331506849315069,0.16675
2009-04-29 12:35:00,2009,119,20091191235,9.331506849315069,0.13493333333333335
2009-04-29 14:10:00,2009,119,20091191410,9.331506849315069,0.11216470588235294
2009-05-01 14:00:00,2009,121,20091211400,9.336986301369864,0.09120392156862744
2009-05-02 11:20:00,2009,122,20091221120,9.33972602739726,0.07844881889763779
2009-05-02 13:05:00,2009,122,20091221305,9.33972602739726,0.06994117647058823
2009-05-03 10:25:00,2009,123,20091231025,9.342465753424657,0.09951764705882353
2009-05-03 12:00:00,2009,123,20091231200,9.342465753424657,0.08011857707509881
2009-05-03 13:50:00,2009,123,20091231350,9.342465753424657,0.10898809523809525
2009-05-04 11:05:00,2009,124,20091241105,9.345205479452055,0.13561475409836066
2009-05-04 12:55:00,2009,124,20091241255,9.345205479452055,0.09945490196078431
2009-05-05 11:50:00,2009,125,20091251150,9.347945205479451,0.0603843137254902
2009-05-05 13:35:00,2009,125,20091251335,9.347945205479451,0.0685436507936508
2009-05-06 10:55:00,2009,126,20091261055,9.35068493150685,0.1449448818897638
2009-05-06 12:40:00,2009,126,20091261240,9.35068493150685,0.08523137254901961
2009-05-06 14:20:00,2009,126,20091261420,9.35068493150685,0.06049803921568628
2009-05-07 11:35:00,2009,127,20091271135,9.353424657534246,0.1722156862745098
2009-05-14 11:40:00,2009,134,20091341140,9.372602739726027,0.15524015748031497
2009-05-14 13:30:00,2009,134,20091341330,9.372602739726027,0.13584347826086957
2009-05-15 10:45:00,2009,135,20091351045,9.375342465753425,0.1217607843137255
2009-05-15 12:35:00,2009,135,20091351235,9.375342465753425,0.07316862745098039
2009-05-15 14:10:00,2009,135,20091351410,9.375342465753425,0.05045098039215686
2009-05-16 11:30:00,2009,136,20091361130,9.378082191780821,0.09570980392156862
2009-05-16 13:15:00,2009,136,20091361315,9.378082191780821,0.11154504504504505
2009-05-17 10:35:00,2009,137,20091371035,9.38082191780822,0.19346861924686193
2009-05-17 14:00:00,2009,137,20091371400,9.38082191780822,0.12839285714285714
2009-05-18 11:20:00,2009,138,20091381120,9.383561643835616,0.07369477911646587
2009-05-18 13:05:00,2009,138,20091381305,9.383561643835616,0.10019607843137256
2010-03-15 10:45:00,2010,074,20100741045,10.208219178082192,0.08007569721115537
2010-03-15 12:30:00,2010,074,20100741230,10.208219178082192,0.033737254901960785
2010-03-15 14:10:00,2010,074,20100741410,10.208219178082192,0.010588235294117647
2010-03-16 11:30:00,2010,075,20100751130,10.210958904109589,0.09034117647058824
2010-03-17 10:35:00,2010,076,20100761035,10.213698630136987,0.07521960784313725
2010-03-22 10:55:00,2010,081,20100811055,10.227397260273973,0.17824347826086956
2010-03-31 10:45:00,2010,090,20100901045,10.252054794520548,0.11024489795918367
2010-03-31 12:30:00,2010,090,20100901230,10.252054794520548,0.051529411764705886
2010-03-31 14:10:00,2010,090,20100901410,10.252054794520548,0.06129019607843137
2010-04-02 10:35:00,2010,092,20100921035,10.257534246575343,0.1015495867768595
2010-04-02 13:55:00,2010,092,20100921355,10.257534246575343,0.0821078838174274
2010-04-04 10:20:00,2010,094,20100941020,10.263013698630138,0.05726274509803922
2010-04-04 12:00:00,2010,094,20100941200,10.263013698630138,0.08002463054187191
2010-04-04 13:45:00,2010,094,20100941345,10.263013698630138,0.09624413145539906
2010-04-06 11:50:00,2010,096,20100961150,10.26849315068493,0.04906666666666667
2010-04-06 13:30:00,2010,096,20100961330,10.26849315068493,0.15039917695473248
2010-04-07 10:50:00,2010,097,20100971050,10.271232876712329,0.19369827586206895
2010-04-07 12:40:00,2010,097,20100971240,10.271232876712329,0.12040444444444445
2010-04-08 11:35:00,2010,098,20100981135,10.273972602739725,0.026352941176470586
2010-04-08 13:20:00,2010,098,20100981320,10.273972602739725,0.0749251968503937
2010-04-09 10:40:00,2010,099,20100991040,10.276712328767124,0.09222134387351778
2010-04-09 14:05:00,2010,099,20100991405,10.276712328767124,0.037211764705882354
2010-04-10 11:25:00,2010,100,20101001125,10.27945205479452,0.13377165354330708
2010-04-10 13:10:00,2010,100,20101001310,10.27945205479452,0.09778823529411763
2010-04-11 10:30:00,2010,101,20101011030,10.282191780821918,0.06536758893280632
2010-04-11 12:05:00,2010,101,20101011205,10.282191780821918,0.016819607843137255
2010-04-11 13:50:00,2010,101,20101011350,10.282191780821918,0.03823137254901961
2010-04-25 10:40:00,2010,115,20101151040,10.32054794520548,0.17014345991561183
2010-04-25 14:05:00,2010,115,20101151405,10.32054794520548,0.151734375
2010-04-26 11:25:00,2010,116,20101161125,10.323287671232876,0.13784584980237152
2010-04-26 13:10:00,2010,116,20101161310,10.323287671232876,0.14349763033175356
2010-04-27 10:30:00,2010,117,20101171030,10.326027397260274,0.12216666666666667
2010-04-28 12:55:00,2010,118,20101181255,10.32876712328767,0.14054028436018956
2010-04-29 11:55:00,2010,119,20101191155,10.331506849315069,0.10592549019607843
2010-04-29 13:40:00,2010,119,20101191340,10.331506849315069,0.15401036269430052
2010-05-02 10:45:00,2010,122,20101221045,10.33972602739726,0.23831455399061033
2010-05-06 10:20:00,2010,126,20101261020,10.35068493150685,0.05784313725490196
2010-05-06 12:00:00,2010,126,20101261200,10.35068493150685,0.02067843137254902
2010-05-06 13:45:00,2010,126,20101261345,10.35068493150685,0.02512549019607843
2010-05-09 14:15:00,2010,129,20101291415,10.35890410958904,0.2974688995215311
2010-05-16 11:00:00,2010,136,20101361100,10.378082191780821,0.1483453815261044
2010-05-16 12:45:00,2010,136,20101361245,10.378082191780821,0.05225490196078432
2010-05-17 11:40:00,2010,137,20101371140,10.38082191780822,0.042019607843137255
2010-05-17 13:25:00,2010,137,20101371325,10.38082191780822,0.10248809523809524
2010-05-18 10:45:00,2010,138,20101381045,10.383561643835616,0.1336086956521739
2010-05-18 12:30:00,2010,138,20101381230,10.383561643835616,0.0653529411764706
2011-03-18 10:45:00,2011,077,20110771045,11.216438356164383,0.08698431372549019
2011-03-18 12:30:00,2011,077,20110771230,11.216438356164383,0.03872549019607843
2011-03-18 14:10:00,2011,077,20110771410,11.216438356164383,0.015388235294117647
2011-03-19 11:30:00,2011,078,20110781130,11.219178082191782,0.06370588235294117
2011-03-19 13:15:00,2011,078,20110781315,11.219178082191782,0.03581960784313726
2011-03-20 10:35:00,2011,079,20110791035,11.221917808219178,0.08230588235294119
2011-03-20 13:55:00,2011,079,20110791355,11.221917808219178,0.031607843137254905
2011-03-21 11:15:00,2011,080,20110801115,11.224657534246575,0.1506299212598425
2011-03-21 13:00:00,2011,080,20110801300,11.224657534246575,0.1537725321888412
2011-03-31 10:15:00,2011,090,20110901015,11.252054794520548,0.07450588235294117
2011-03-31 11:55:00,2011,090,20110901155,11.252054794520548,0.07423137254901961
2011-03-31 13:35:00,2011,090,20110901335,11.252054794520548,0.07995294117647059
2011-04-01 11:00:00,2011,091,20110911100,11.254794520547945,0.10341732283464568
2011-04-01 12:45:00,2011,091,20110911245,11.254794520547945,0.07504313725490197
2011-04-04 11:30:00,2011,094,20110941130,11.263013698630138,0.2079015748031496
2011-04-05 10:35:00,2011,095,20110951035,11.265753424657534,0.15376078431372547
2011-04-05 13:55:00,2011,095,20110951355,11.265753424657534,0.11641568627450981
2011-04-07 10:20:00,2011,097,20110971020,11.271232876712329,0.4276313725490196
2011-04-07 12:00:00,2011,097,20110971200,11.271232876712329,0.4637294117647059
2011-04-07 13:45:00,2011,097,20110971345,11.271232876712329,0.3015294117647059
2011-04-08 11:05:00,2011,098,20110981105,11.273972602739725,0.2949921568627451
2011-04-08 12:50:00,2011,098,20110981250,11.273972602739725,0.24121960784313726
2011-04-09 11:45:00,2011,099,20110991145,11.276712328767124,0.07309411764705882
2011-04-09 13:30:00,2011,099,20110991330,11.276712328767124,0.08687747035573122
2011-04-10 10:50:00,2011,100,20111001050,11.27945205479452,0.1877843137254902
2011-04-10 12:35:00,2011,100,20111001235,11.27945205479452,0.17244144144144144
2011-04-11 11:35:00,2011,101,20111011135,11.282191780821918,0.07068235294117647
2011-04-11 13:20:00,2011,101,20111011320,11.282191780821918,0.037501960784313726
2011-04-12 10:40:00,2011,102,20111021040,11.284931506849315,0.14889370078740158
2011-04-12 14:00:00,2011,102,20111021400,11.284931506849315,0.06294509803921569
2011-04-13 11:25:00,2011,103,20111031125,11.287671232876713,0.052898039215686275
2011-04-13 13:05:00,2011,103,20111031305,11.287671232876713,0.030631372549019608
2011-04-14 13:50:00,2011,104,20111041350,11.29041095890411,0.10239676113360323
2011-04-15 11:10:00,2011,105,20111051110,11.293150684931506,0.07819291338582678
2011-04-15 12:55:00,2011,105,20111051255,11.293150684931506,0.07309411764705882
2011-04-17 11:00:00,2011,107,20111071100,11.2986301369863,0.16771764705882353
2011-04-17 12:40:00,2011,107,20111071240,11.2986301369863,0.14612941176470587
2011-04-18 11:40:00,2011,108,20111081140,11.301369863013699,0.1088078431372549
2011-04-18 13:25:00,2011,108,20111081325,11.301369863013699,0.11303585657370517
2011-04-27 11:35:00,2011,117,20111171135,11.326027397260274,0.1409561752988048
2011-04-28 10:40:00,2011,118,20111181040,11.32876712328767,0.17144313725490196
2011-05-05 10:45:00,2011,125,20111251045,11.347945205479451,0.11369019607843137
2011-05-08 11:15:00,2011,128,20111281115,11.356164383561644,0.2300735294117647
2011-05-08 13:00:00,2011,128,20111281300,11.356164383561644,0.17555199999999999
2011-05-09 10:20:00,2011,129,20111291020,11.35890410958904,0.14231914893617023
2011-05-09 12:00:00,2011,129,20111291200,11.35890410958904,0.07232549019607844
2011-05-10 11:05:00,2011,130,20111301105,11.361643835616439,0.150952
2011-05-10 12:50:00,2011,130,20111301250,11.361643835616439,0.10294509803921569
2011-05-11 11:45:00,2011,131,20111311145,11.364383561643836,0.0880156862745098
2011-05-13 11:35:00,2011,133,20111331135,11.36986301369863,0.12136470588235293
2011-05-13 13:20:00,2011,133,20111331320,11.36986301369863,0.12340873015873016
2011-05-14 10:40:00,2011,134,20111341040,11.372602739726027,0.20265882352941175
2011-05-15 11:25:00,2011,135,20111351125,11.375342465753425,0.10373228346456694
2011-05-15 13:05:00,2011,135,20111351305,11.375342465753425,0.08985490196078431
2011-05-16 10:30:00,2011,136,20111361030,11.378082191780821,0.12278823529411764
2011-05-16 12:05:00,2011,136,20111361205,11.378082191780821,0.05817254901960784
2011-05-16 13:50:00,2011,136,20111361350,11.378082191780821,0.11783137254901961
2012-03-14 11:25:00,2012,074,20120741125,12.208219178082192,0.09493725490196078
2012-03-14 13:05:00,2012,074,20120741305,12.208219178082192,0.04035686274509804
2012-03-22 10:35:00,2012,082,20120821035,12.23013698630137,0.28725263157894737
2012-03-24 10:20:00,2012,084,20120841020,12.235616438356164,0.14266666666666666
2012-03-24 13:45:00,2012,084,20120841345,12.235616438356164,0.12532512315270936
2012-03-25 12:50:00,2012,085,20120851250,12.238356164383562,0.13506735751295337
2012-03-27 10:50:00,2012,087,20120871050,12.243835616438357,0.2361581027667984
2012-03-27 12:35:00,2012,087,20120871235,12.243835616438357,0.1958313725490196
2012-03-27 14:15:00,2012,087,20120871415,12.243835616438357,0.13098823529411766
2012-03-28 11:35:00,2012,088,20120881135,12.246575342465754,0.23478039215686275
2012-03-28 13:20:00,2012,088,20120881320,12.246575342465754,0.20076284584980236
2012-03-29 10:40:00,2012,089,20120891040,12.24931506849315,0.1447137254901961
2012-03-29 14:00:00,2012,089,20120891400,12.24931506849315,0.08693333333333333
2012-03-30 11:25:00,2012,090,20120901125,12.252054794520548,0.20442083333333333
2012-03-30 13:05:00,2012,090,20120901305,12.252054794520548,0.13214117647058826
2012-04-01 11:10:00,2012,092,20120921110,12.257534246575343,0.26913656387665197
2012-04-01 12:55:00,2012,092,20120921255,12.257534246575343,0.19741960784313725
2012-04-08 11:15:00,2012,099,20120991115,12.276712328767124,0.17686561264822134
2012-04-08 13:00:00,2012,099,20120991300,12.276712328767124,0.11410588235294118
2012-04-09 10:20:00,2012,100,20121001020,12.27945205479452,0.0781921568627451
2012-04-09 12:00:00,2012,100,20121001200,12.27945205479452,0.049823529411764704
2012-04-09 13:45:00,2012,100,20121001345,12.27945205479452,0.06650196078431372
2012-04-11 11:45:00,2012,102,20121021145,12.284931506849315,0.11947926267281106
2012-04-16 12:05:00,2012,107,20121071205,12.2986301369863,0.08743724696356275
2012-04-16 13:50:00,2012,107,20121071350,12.2986301369863,0.1335591836734694
2012-04-22 11:30:00,2012,113,20121131130,12.315068493150685,0.19246575342465752
2012-05-09 10:35:00,2012,130,20121301035,12.361643835616439,0.10157254901960786
2012-05-09 13:55:00,2012,130,20121301355,12.361643835616439,0.08479607843137255
2012-05-10 11:15:00,2012,131,20121311115,12.364383561643836,0.2027688172043011
2012-05-10 13:00:00,2012,131,20121311300,12.364383561643836,0.16745
2012-05-11 10:20:00,2012,132,20121321020,12.367123287671232,0.22761960784313726
2012-05-13 11:45:00,2012,134,20121341145,12.372602739726027,0.13392760180995475
2012-05-14 10:50:00,2012,135,20121351050,12.375342465753425,0.15673517786561267
2012-05-14 12:35:00,2012,135,20121351235,12.375342465753425,0.07251764705882353
2012-05-14 14:15:00,2012,135,20121351415,12.375342465753425,0.05472549019607843
2012-05-15 11:35:00,2012,136,20121361135,12.378082191780821,0.08383921568627452
2012-05-15 13:20:00,2012,136,20121361320,12.378082191780821,0.08013779527559055
2013-03-15 13:20:00,2013,074,20130741320,13.210958904109589,0.017161434977578476
2013-03-18 10:30:00,2013,077,20130771030,13.219178082191782,0.10020325203252033
2013-03-20 10:15:00,2013,079,20130791015,13.224657534246575,0.11596078431372549
2013-04-13 11:05:00,2013,103,20131031105,13.29041095890411,0.2249139344262295
2013-04-13 12:50:00,2013,103,20131031250,13.29041095890411,0.07481960784313725
2013-04-14 11:50:00,2013,104,20131041150,13.293150684931506,0.03330980392156863
2013-04-14 13:30:00,2013,104,20131041330,13.293150684931506,0.1449402390438247
2013-04-17 10:40:00,2013,107,20131071040,13.301369863013699,0.10980392156862745
2013-04-17 14:00:00,2013,107,20131071400,13.301369863013699,0.04689411764705882
2013-04-18 11:25:00,2013,108,20131081125,13.304109589041095,0.0674156862745098
2013-04-18 13:05:00,2013,108,20131081305,13.304109589041095,0.052992156862745096
2013-04-19 10:30:00,2013,109,20131091030,13.306849315068494,0.12985098039215687
2013-04-19 12:05:00,2013,109,20131091205,13.306849315068494,0.06572244897959183
2013-04-19 13:50:00,2013,109,20131091350,13.306849315068494,0.1088340425531915
2013-04-20 11:10:00,2013,110,20131101110,13.30958904109589,0.10180321285140562
2013-04-20 12:55:00,2013,110,20131101255,13.30958904109589,0.055295275590551175
2013-04-21 10:15:00,2013,111,20131111015,13.312328767123288,0.08259
2013-04-21 13:40:00,2013,111,20131111340,13.312328767123288,0.1138530612244898
2013-04-22 11:00:00,2013,112,20131121100,13.315068493150685,0.2140983606557377
2013-04-23 11:40:00,2013,113,20131131140,13.317808219178081,0.09142687747035573
2013-04-23 13:25:00,2013,113,20131131325,13.317808219178081,0.17847435897435898
2013-04-24 10:45:00,2013,114,20131141045,13.32054794520548,0.19208
2013-05-03 10:40:00,2013,123,20131231040,13.345205479452055,0.11768627450980393
2013-05-04 11:25:00,2013,124,20131241125,13.347945205479451,0.14006435643564355
2013-05-04 13:05:00,2013,124,20131241305,13.347945205479451,0.060376470588235295
2013-05-05 10:30:00,2013,125,20131251030,13.35068493150685,0.12089583333333333
2013-05-06 11:10:00,2013,126,20131261110,13.353424657534246,0.22901333333333332
2013-05-11 11:30:00,2013,131,20131311130,13.367123287671232,0.11152358490566038
2013-05-11 13:15:00,2013,131,20131311315,13.367123287671232,0.10832692307692308
2013-05-12 10:35:00,2013,132,20131321035,13.36986301369863,0.10887007874015749
2013-05-12 13:55:00,2013,132,20131321355,13.36986301369863,0.06436470588235293
2013-05-13 11:15:00,2013,133,20131331115,13.372602739726027,0.11942629482071714
2014-03-15 11:05:00,2014,074,20140741105,14.210958904109589,0.1724584980237154
2014-03-15 12:50:00,2014,074,20140741250,14.210958904109589,0.1112078431372549
2014-03-16 11:45:00,2014,075,20140751145,14.213698630136987,0.029466666666666665
2014-03-16 13:30:00,2014,075,20140751330,14.213698630136987,0.029694117647058826
2014-03-17 10:50:00,2014,076,20140761050,14.216438356164383,0.0977921568627451
2014-03-17 12:35:00,2014,076,20140761235,14.216438356164383,0.05749411764705882
2014-03-17 14:15:00,2014,076,20140761415,14.216438356164383,0.018180392156862745
2014-03-18 11:35:00,2014,077,20140771135,14.219178082191782,0.13205726872246698
2014-03-20 11:25:00,2014,079,20140791125,14.224657534246575,0.22013725490196076
2014-03-20 13:05:00,2014,079,20140791305,14.224657534246575,0.19008627450980392
2014-03-26 10:45:00,2014,085,20140851045,14.241095890410959,0.14628508771929824
2014-04-06 10:30:00,2014,096,20140961030,14.271232876712329,0.1378989361702128
2014-04-06 12:05:00,2014,096,20140961205,14.271232876712329,0.06318257261410788
2014-04-06 13:50:00,2014,096,20140961350,14.271232876712329,0.09364423076923077
2014-04-07 11:10:00,2014,097,20140971110,14.273972602739725,0.09035627530364372
2014-04-08 10:15:00,2014,098,20140981015,14.276712328767124,0.03718823529411765
2014-04-08 11:55:00,2014,098,20140981155,14.276712328767124,0.034415686274509805
2014-04-08 13:40:00,2014,098,20140981340,14.276712328767124,0.04803349282296651
2014-04-09 11:00:00,2014,099,20140991100,14.27945205479452,0.14847637795275592
2014-04-09 12:45:00,2014,099,20140991245,14.27945205479452,0.10094117647058823
2014-04-11 10:45:00,2014,101,20141011045,14.284931506849315,0.1350823529411765
2014-04-11 12:30:00,2014,101,20141011230,14.284931506849315,0.1096156862745098
2014-04-11 14:10:00,2014,101,20141011410,14.284931506849315,0.10302845528455284
2014-04-12 11:30:00,2014,102,20141021130,14.287671232876713,0.16372983870967742
2014-04-12 13:15:00,2014,102,20141021315,14.287671232876713,0.1338968253968254
2014-04-13 10:35:00,2014,103,20141031035,14.29041095890411,0.15646703296703296
2014-04-13 13:55:00,2014,103,20141031355,14.29041095890411,0.07591764705882353
2014-04-15 10:20:00,2014,105,20141051020,14.295890410958904,0.10896536796536796
2014-04-15 12:00:00,2014,105,20141051200,14.295890410958904,0.09004705882352941
2014-04-15 13:45:00,2014,105,20141051345,14.295890410958904,0.14415121951219512
2014-04-16 11:05:00,2014,106,20141061105,14.2986301369863,0.09777689243027887
2014-04-16 12:50:00,2014,106,20141061250,14.2986301369863,0.11041322314049587
2014-04-17 11:50:00,2014,107,20141071150,14.301369863013699,0.07885098039215685
2014-04-18 10:55:00,2014,108,20141081055,14.304109589041095,0.09379607843137255
2014-04-18 12:35:00,2014,108,20141081235,14.304109589041095,0.06969411764705882
2014-04-18 14:15:00,2014,108,20141081415,14.304109589041095,0.09592094861660079
2014-04-24 13:35:00,2014,114,20141141335,14.32054794520548,0.24035499999999999
2014-04-25 12:40:00,2014,115,20141151240,14.323287671232876,0.08947450980392156
2014-04-28 13:15:00,2014,118,20141181315,14.331506849315069,0.07232644628099173
2014-05-01 10:20:00,2014,121,20141211020,14.33972602739726,0.06894509803921568
2014-05-01 12:00:00,2014,121,20141211200,14.33972602739726,0.03798039215686274
2014-05-01 13:45:00,2014,121,20141211345,14.33972602739726,0.1053813559322034
2014-05-02 11:05:00,2014,122,20141221105,14.342465753424657,0.162025
2014-05-02 12:50:00,2014,122,20141221250,14.342465753424657,0.061556862745098036
2014-05-03 11:50:00,2014,123,20141231150,14.345205479452055,0.024721568627450983
2014-05-03 13:30:00,2014,123,20141231330,14.345205479452055,0.0669015748031496
2014-05-04 10:55:00,2014,124,20141241055,14.347945205479451,0.12429482071713147
2014-05-04 12:35:00,2014,124,20141241235,14.347945205479451,0.07917283950617283
2014-05-05 11:35:00,2014,125,20141251135,14.35068493150685,0.12790521327014218
2014-05-08 10:30:00,2014,128,20141281030,14.35890410958904,0.13014423076923076
2014-05-09 11:10:00,2014,129,20141291110,14.361643835616439,0.10983935742971887
2014-05-09 12:55:00,2014,129,20141291255,14.361643835616439,0.129878431372549
2014-05-12 11:40:00,2014,132,20141321140,14.36986301369863,0.05316470588235294
2014-05-12 13:25:00,2014,132,20141321325,14.36986301369863,0.07159055118110236
2014-05-13 10:45:00,2014,133,20141331045,14.372602739726027,0.14080784313725492
2014-05-13 12:30:00,2014,133,20141331230,14.372602739726027,0.081
2014-05-13 14:10:00,2014,133,20141331410,14.372602739726027,0.05670980392156863
2014-05-14 11:30:00,2014,134,20141341130,14.375342465753425,0.09416470588235294
2014-05-14 13:15:00,2014,134,20141341315,14.375342465753425,0.07026086956521739
2014-05-16 11:15:00,2014,136,20141361115,14.38082191780822,0.13315662650602408
2014-05-16 13:00:00,2014,136,20141361300,14.38082191780822,0.11830196078431372
2014-05-17 10:20:00,2014,137,20141371020,14.383561643835616,0.09021176470588235
2014-05-17 12:00:00,2014,137,20141371200,14.383561643835616,0.05324705882352941
2014-05-17 13:45:00,2014,137,20141371345,14.383561643835616,0.095
2014-05-18 11:05:00,2014,138,20141381105,14.386301369863014,0.21070866141732283
2015-03-16 11:15:00,2015,075,20150751115,15.213698630136987,0.11009411764705883
2015-03-16 13:00:00,2015,075,20150751300,15.213698630136987,0.08851372549019608
2015-03-28 11:40:00,2015,087,20150871140,15.246575342465754,0.06009803921568628
2015-03-28 13:25:00,2015,087,20150871325,15.246575342465754,0.047035294117647064
2015-03-30 11:30:00,2015,089,20150891130,15.252054794520548,0.053726190476190476
2015-03-30 13:15:00,2015,089,20150891315,15.252054794520548,0.04868235294117647
2015-03-31 10:35:00,2015,090,20150901035,15.254794520547945,0.09637295081967212
2015-04-01 11:15:00,2015,091,20150911115,15.257534246575343,0.09870866141732283
2015-04-01 13:00:00,2015,091,20150911300,15.257534246575343,0.046494117647058825
2015-04-02 12:00:00,2015,092,20150921200,15.26027397260274,0.03831696428571429
2015-04-02 13:45:00,2015,092,20150921345,15.26027397260274,0.11196218487394959
2015-04-04 11:50:00,2015,094,20150941150,15.265753424657534,0.03634901960784314
2015-04-04 13:30:00,2015,094,20150941330,15.265753424657534,0.05579607843137255
2015-04-05 10:55:00,2015,095,20150951055,15.26849315068493,0.1066
2015-04-05 12:35:00,2015,095,20150951235,15.26849315068493,0.02545098039215686
2015-04-05 14:15:00,2015,095,20150951415,15.26849315068493,0.018788235294117647
2015-04-06 11:35:00,2015,096,20150961135,15.271232876712329,0.14079352226720648
2015-04-07 10:40:00,2015,097,20150971040,15.273972602739725,0.16302766798418972
2015-04-08 11:25:00,2015,098,20150981125,15.276712328767124,0.24868778280542986
2015-04-11 10:15:00,2015,101,20151011015,15.284931506849315,0.14307843137254903
2015-04-11 11:55:00,2015,101,20151011155,15.284931506849315,0.1555857740585774
2015-04-12 11:00:00,2015,102,20151021100,15.287671232876713,0.28985555555555553
2015-04-13 13:25:00,2015,103,20151031325,15.29041095890411,0.16634412955465586
2015-04-18 13:45:00,2015,108,20151081345,15.304109589041095,0.1121188524590164
2015-04-20 11:50:00,2015,110,20151101150,15.30958904109589,0.050925
2015-04-23 14:00:00,2015,113,20151131400,15.317808219178081,0.0948313725490196
2015-05-05 12:50:00,2015,125,20151251250,15.35068493150685,0.1550612244897959
2015-05-06 11:50:00,2015,126,20151261150,15.353424657534246,0.05420784313725491
2015-05-07 14:15:00,2015,127,20151271415,15.356164383561644,0.05587450980392157
2015-05-12 11:10:00,2015,132,20151321110,15.36986301369863,0.1437298387096774
2015-05-12 12:55:00,2015,132,20151321255,15.36986301369863,0.15077254901960785
2015-05-15 11:40:00,2015,135,20151351140,15.378082191780821,0.04572156862745098
2015-05-15 13:25:00,2015,135,20151351325,15.378082191780821,0.061639215686274514
2015-05-16 10:45:00,2015,136,20151361045,15.38082191780822,0.13726666666666668
2015-05-16 12:30:00,2015,136,20151361230,15.38082191780822,0.04177254901960784
2015-05-16 14:10:00,2015,136,20151361410,15.38082191780822,0.05530588235294118
2015-05-17 11:30:00,2015,137,20151371130,15.383561643835616,0.049635294117647055
2015-05-17 13:15:00,2015,137,20151371315,15.383561643835616,0.04626587301587302
2015-05-18 10:35:00,2015,138,20151381035,15.386301369863014,0.14363529411764706
2015-05-18 13:55:00,2015,138,20151381355,15.386301369863014,0.12090909090909091
2016-03-14 11:40:00,2016,074,20160741140,16.21095890410959,0.08703529411764706
2016-03-14 13:25:00,2016,074,20160741325,16.21095890410959,0.04715294117647059
2016-03-16 11:30:00,2016,076,20160761130,16.216438356164385,0.07732549019607843
2016-03-16 13:15:00,2016,076,20160761315,16.216438356164385,0.08576862745098039
2016-03-17 10:35:00,2016,077,20160771035,16.21917808219178,0.10629411764705883
2016-03-22 10:50:00,2016,082,20160821050,16.232876712328768,0.33602415458937196
2016-03-23 11:35:00,2016,083,20160831135,16.235616438356164,0.11561290322580645
2016-03-23 13:20:00,2016,083,20160831320,16.235616438356164,0.14987843137254903
2016-03-24 10:40:00,2016,084,20160841040,16.23835616438356,0.12488446215139441
2016-03-24 14:00:00,2016,084,20160841400,16.23835616438356,0.04052941176470588
2016-03-27 11:10:00,2016,087,20160871110,16.246575342465754,0.10131889763779528
2016-03-27 12:55:00,2016,087,20160871255,16.246575342465754,0.05322608695652174
2016-03-31 12:30:00,2016,091,20160911230,16.257534246575343,0.14751052631578945
2016-04-01 11:30:00,2016,092,20160921130,16.26027397260274,0.09482978723404256
2016-04-02 10:35:00,2016,093,20160931035,16.263013698630136,0.11917903930131005
2016-04-06 11:50:00,2016,097,20160971150,16.273972602739725,0.019823529411764705
2016-04-06 13:30:00,2016,097,20160971330,16.273972602739725,0.03952156862745098
2016-04-07 12:35:00,2016,098,20160981235,16.276712328767122,0.044431372549019604
2016-04-07 14:15:00,2016,098,20160981415,16.276712328767122,0.012172549019607843
2016-04-08 11:35:00,2016,099,20160991135,16.279452054794522,0.07748616600790514
2016-04-08 13:20:00,2016,099,20160991320,16.279452054794522,0.08561660079051382
2016-04-09 10:40:00,2016,100,20161001040,16.28219178082192,0.10353725490196078
2016-04-17 13:15:00,2016,108,20161081315,16.304109589041097,0.2049854368932039
2016-04-18 10:35:00,2016,109,20161091035,16.306849315068494,0.10450980392156864
2016-04-25 10:40:00,2016,116,20161161040,16.326027397260273,0.10899607843137256
2016-04-25 14:00:00,2016,116,20161161400,16.326027397260273,0.03188235294117647
2016-04-26 11:25:00,2016,117,20161171125,16.328767123287673,0.07928235294117647
2016-04-26 13:05:00,2016,117,20161171305,16.328767123287673,0.1022570281124498
2016-04-30 11:00:00,2016,121,20161211100,16.339726027397262,0.15907539682539684
2016-04-30 12:45:00,2016,121,20161211245,16.339726027397262,0.07596078431372548
2016-05-01 11:40:00,2016,122,20161221140,16.34246575342466,0.04550588235294118
2016-05-01 13:25:00,2016,122,20161221325,16.34246575342466,0.09991372549019607
2016-05-02 10:45:00,2016,123,20161231045,16.345205479452055,0.1159921568627451
2016-05-02 12:30:00,2016,123,20161231230,16.345205479452055,0.04420392156862745
2016-05-02 14:10:00,2016,123,20161231410,16.345205479452055,0.0416156862745098
2016-05-03 11:30:00,2016,124,20161241130,16.34794520547945,0.07007843137254902
2016-05-03 13:15:00,2016,124,20161241315,16.34794520547945,0.06309486166007905
2016-05-04 13:55:00,2016,125,20161251355,16.350684931506848,0.10102857142857143
2016-05-16 11:00:00,2016,137,20161371100,16.383561643835616,0.12253725490196078
2016-05-16 12:40:00,2016,137,20161371240,16.383561643835616,0.11286666666666666
2017-03-15 10:15:00,2017,074,20170741015,17.213698630136985,0.042290196078431375
2017-03-15 11:55:00,2017,074,20170741155,17.213698630136985,0.02932549019607843
2017-03-15 13:35:00,2017,074,20170741335,17.213698630136985,0.040423529411764705
2017-03-16 11:00:00,2017,075,20170751100,17.216438356164385,0.06481960784313724
2017-03-16 12:40:00,2017,075,20170751240,17.216438356164385,0.034509803921568626
2017-03-18 10:45:00,2017,077,20170771045,17.221917808219178,0.06794117647058823
2017-03-18 12:30:00,2017,077,20170771230,17.221917808219178,0.02363921568627451
2017-03-18 14:10:00,2017,077,20170771410,17.221917808219178,0.030773662551440328
2017-03-19 11:30:00,2017,078,20170781130,17.224657534246575,0.06321960784313725
2017-03-19 13:15:00,2017,078,20170781315,17.224657534246575,0.06565490196078431
2017-03-20 10:35:00,2017,079,20170791035,17.22739726027397,0.06953333333333334
2017-03-20 13:55:00,2017,079,20170791355,17.22739726027397,0.061094117647058827
2017-03-29 10:30:00,2017,088,20170881030,17.252054794520546,0.05453333333333333
2017-03-29 13:50:00,2017,088,20170881350,17.252054794520546,0.09471063829787234
2017-03-31 13:35:00,2017,090,20170901335,17.257534246575343,0.10929787234042553
2017-04-01 11:00:00,2017,091,20170911100,17.26027397260274,0.08246666666666667
2017-04-02 11:40:00,2017,092,20170921140,17.263013698630136,0.01748627450980392
2017-04-02 13:25:00,2017,092,20170921325,17.263013698630136,0.03574015748031496
2017-04-03 10:45:00,2017,093,20170931045,17.265753424657536,0.06949019607843136
2017-04-04 11:30:00,2017,094,20170941130,17.268493150684932,0.04987058823529412
2017-04-04 13:15:00,2017,094,20170941315,17.268493150684932,0.06069019607843137
2017-04-05 10:35:00,2017,095,20170951035,17.27123287671233,0.06964566929133857
2017-04-05 13:55:00,2017,095,20170951355,17.27123287671233,0.043647058823529414
2017-04-06 11:15:00,2017,096,20170961115,17.273972602739725,0.09461176470588235
2017-04-06 13:00:00,2017,096,20170961300,17.273972602739725,0.06514901960784314
2017-04-07 10:20:00,2017,097,20170971020,17.276712328767122,0.06701568627450981
2017-04-07 12:00:00,2017,097,20170971200,17.276712328767122,0.03648235294117647
2017-04-07 13:45:00,2017,097,20170971345,17.276712328767122,0.06095294117647059
2017-04-08 11:05:00,2017,098,20170981105,17.279452054794522,0.10512598425196851
2017-04-08 12:50:00,2017,098,20170981250,17.279452054794522,0.08213333333333334
2017-04-09 11:50:00,2017,099,20170991150,17.28219178082192,0.04951764705882353
2017-04-09 13:30:00,2017,099,20170991330,17.28219178082192,0.06499215686274509
2017-04-10 10:50:00,2017,100,20171001050,17.284931506849315,0.09022745098039216
2017-04-10 12:35:00,2017,100,20171001235,17.284931506849315,0.05166274509803922
2017-04-10 14:15:00,2017,100,20171001415,17.284931506849315,0.025815686274509805
2017-04-11 11:35:00,2017,101,20171011135,17.28767123287671,0.0697764705882353
2017-04-11 13:20:00,2017,101,20171011320,17.28767123287671,0.07234801762114537
2017-04-12 10:40:00,2017,102,20171021040,17.29041095890411,0.11113333333333333
2017-04-13 13:05:00,2017,103,20171031305,17.293150684931508,0.18126991150442479
2017-04-15 11:10:00,2017,105,20171051110,17.2986301369863,0.12729268292682927
2017-04-15 12:55:00,2017,105,20171051255,17.2986301369863,0.08273725490196078
2017-04-16 11:55:00,2017,106,20171061155,17.301369863013697,0.08273300970873787
2017-04-17 11:00:00,2017,107,20171071100,17.304109589041097,0.08478740157480316
2017-04-17 12:40:00,2017,107,20171071240,17.304109589041097,0.10274117647058822
2017-04-18 13:25:00,2017,108,20171081325,17.306849315068494,0.09832156862745099
2017-04-21 10:35:00,2017,111,20171111035,17.315068493150687,0.06197254901960784
2017-04-21 13:55:00,2017,111,20171111355,17.315068493150687,0.043403921568627456
2017-04-23 12:00:00,2017,113,20171131200,17.32054794520548,0.052576470588235294
2017-04-23 13:45:00,2017,113,20171131345,17.32054794520548,0.08487450980392157
2017-04-24 12:50:00,2017,114,20171141250,17.323287671232876,0.1535607843137255
2017-04-27 11:35:00,2017,117,20171171135,17.33150684931507,0.06093333333333333
2017-04-27 13:20:00,2017,117,20171171320,17.33150684931507,0.06317154811715481
2017-05-01 11:10:00,2017,121,20171211110,17.34246575342466,0.0918156862745098
2017-05-01 12:55:00,2017,121,20171211255,17.34246575342466,0.05390588235294118
2017-05-02 11:55:00,2017,122,20171221155,17.345205479452055,0.0910188679245283
2017-05-03 11:00:00,2017,123,20171231100,17.34794520547945,0.06580392156862744
2017-05-03 12:40:00,2017,123,20171231240,17.34794520547945,0.055227450980392154
2017-05-06 11:30:00,2017,126,20171261130,17.356164383561644,0.05328235294117647
2017-05-06 13:10:00,2017,126,20171261310,17.356164383561644,0.07884705882352941
2017-05-07 13:55:00,2017,127,20171271355,17.35890410958904,0.042466666666666666
2017-05-08 13:00:00,2017,128,20171281300,17.361643835616437,0.13793939393939394
2017-05-09 10:20:00,2017,129,20171291020,17.364383561643837,0.12279057591623037
2017-05-16 13:50:00,2017,136,20171361350,17.383561643835616,0.12574626865671643
2017-05-18 11:55:00,2017,138,20171381155,17.389041095890413,0.1527354260089686
2017-05-18 13:35:00,2017,138,20171381335,17.389041095890413,0.12470918367346938
2018-03-21 14:10:00,2018,080,20180801410,18.23013698630137,0.06137435897435898
2018-03-22 11:30:00,2018,081,20180811130,18.232876712328768,0.05965098039215686
2018-03-22 13:15:00,2018,081,20180811315,18.232876712328768,0.03557647058823529
2018-03-26 11:05:00,2018,085,20180851105,18.243835616438357,0.1729634703196347
2018-03-26 12:50:00,2018,085,20180851250,18.243835616438357,0.062052173913043476
2018-03-27 11:50:00,2018,086,20180861150,18.246575342465754,0.016643137254901963
2018-03-27 13:30:00,2018,086,20180861330,18.246575342465754,0.07989763779527559
2018-03-28 10:55:00,2018,087,20180871055,18.24931506849315,0.14027467811158797
2018-04-16 11:25:00,2018,106,20181061125,18.301369863013697,0.24130204081632653
2018-04-16 13:05:00,2018,106,20181061305,18.301369863013697,0.21905365853658537
2018-04-17 10:30:00,2018,107,20181071030,18.304109589041097,0.12338532110091743
2018-04-17 13:50:00,2018,107,20181071350,18.304109589041097,0.14130278884462152
2018-04-18 12:55:00,2018,108,20181081255,18.306849315068494,0.1159686274509804
2018-04-19 10:15:00,2018,109,20181091015,18.30958904109589,0.07777254901960784
2018-04-19 11:55:00,2018,109,20181091155,18.30958904109589,0.08505809128630706
2018-04-19 13:35:00,2018,109,20181091335,18.30958904109589,0.18692173913043478
2018-04-22 10:45:00,2018,112,20181121045,18.317808219178083,0.3374291338582677
2018-04-24 10:35:00,2018,114,20181141035,18.323287671232876,0.3406196078431373
2018-04-25 11:20:00,2018,115,20181151120,18.326027397260273,0.18947450980392155
2018-04-25 13:00:00,2018,115,20181151300,18.326027397260273,0.17512156862745099
2018-04-26 10:25:00,2018,116,20181161025,18.328767123287673,0.14569019607843137
2018-04-26 12:00:00,2018,116,20181161200,18.328767123287673,0.09472941176470588
2018-04-26 13:45:00,2018,116,20181161345,18.328767123287673,0.10434509803921568
2018-04-27 11:05:00,2018,117,20181171105,18.33150684931507,0.20201181102362203
2018-04-27 12:50:00,2018,117,20181171250,18.33150684931507,0.07662745098039216
2018-05-03 13:50:00,2018,123,20181231350,18.34794520547945,0.15347979797979797
2018-05-04 11:10:00,2018,124,20181241110,18.350684931506848,0.13853497942386833
2018-05-04 12:55:00,2018,124,20181241255,18.350684931506848,0.08057254901960785
2018-05-05 10:15:00,2018,125,20181251015,18.353424657534248,0.0685921568627451
2018-05-05 11:55:00,2018,125,20181251155,18.353424657534248,0.0630156862745098
2018-05-05 13:35:00,2018,125,20181251335,18.353424657534248,0.12311904761904761
2018-05-08 10:45:00,2018,128,20181281045,18.361643835616437,0.16972047244094488
2018-05-10 10:35:00,2018,130,20181301035,18.367123287671234,0.19274493927125505
2018-05-10 13:55:00,2018,130,20181301355,18.367123287671234,0.13020614035087721
2018-05-15 10:55:00,2018,135,20181351055,18.38082191780822,0.11520392156862745
2018-05-15 12:35:00,2018,135,20181351235,18.38082191780822,0.06058039215686274
2018-05-15 14:15:00,2018,135,20181351415,18.38082191780822,0.031196078431372547
2018-05-16 11:35:00,2018,136,20181361135,18.383561643835616,0.0864078431372549
2018-05-16 13:20:00,2018,136,20181361320,18.383561643835616,0.09491200000000001
2018-05-17 10:40:00,2018,137,20181371040,18.386301369863013,0.15750197628458498
2019-03-15 10:55:00,2019,074,20190741055,19.213698630136985,0.08119685039370078
2019-03-15 12:35:00,2019,074,20190741235,19.213698630136985,0.018349019607843135
2019-03-15 14:15:00,2019,074,20190741415,19.213698630136985,0.0021960784313725494
2019-03-16 11:35:00,2019,075,20190751135,19.216438356164385,0.039580392156862744
2019-03-16 13:20:00,2019,075,20190751320,19.216438356164385,0.012782608695652174
2019-03-17 10:40:00,2019,076,20190761040,19.21917808219178,0.14538976377952756
2019-03-17 14:00:00,2019,076,20190761400,19.21917808219178,0.06948995983935742
2019-03-18 11:25:00,2019,077,20190771125,19.221917808219178,0.09499607843137255
2019-03-18 13:05:00,2019,077,20190771305,19.221917808219178,0.04274900398406375
2019-03-20 11:10:00,2019,079,20190791110,19.22739726027397,0.11472289156626506
2019-03-20 12:55:00,2019,079,20190791255,19.22739726027397,0.05257254901960784
2019-03-21 10:15:00,2019,080,20190801015,19.23013698630137,0.08789019607843138
2019-03-21 11:55:00,2019,080,20190801155,19.23013698630137,0.05790196078431372
2019-03-21 13:35:00,2019,080,20190801335,19.23013698630137,0.06449411764705883
2019-03-22 11:00:00,2019,081,20190811100,19.232876712328768,0.1523694779116466
2019-03-22 12:40:00,2019,081,20190811240,19.232876712328768,0.08846274509803922
2019-03-23 11:40:00,2019,082,20190821140,19.235616438356164,0.13219502074688796
2019-03-24 10:45:00,2019,083,20190831045,19.23835616438356,0.16041501976284583
2019-03-24 12:30:00,2019,083,20190831230,19.23835616438356,0.08278039215686274
2019-03-24 14:10:00,2019,083,20190831410,19.23835616438356,0.06538039215686274
2019-03-25 11:30:00,2019,084,20190841130,19.24109589041096,0.10782352941176471
2019-03-25 13:15:00,2019,084,20190841315,19.24109589041096,0.08691764705882353
2019-03-26 10:35:00,2019,085,20190851035,19.243835616438357,0.12636470588235293
2019-03-26 13:55:00,2019,085,20190851355,19.243835616438357,0.05654509803921569
2019-03-27 11:15:00,2019,086,20190861115,19.246575342465754,0.10883529411764706
2019-03-27 13:00:00,2019,086,20190861300,19.246575342465754,0.060541501976284585
2019-03-28 10:20:00,2019,087,20190871020,19.24931506849315,0.07953725490196079
2019-03-28 12:00:00,2019,087,20190871200,19.24931506849315,0.03478823529411765
2019-03-28 13:45:00,2019,087,20190871345,19.24931506849315,0.05072941176470588
2019-03-29 11:05:00,2019,088,20190881105,19.252054794520546,0.16322131147540983
2019-03-29 12:50:00,2019,088,20190881250,19.252054794520546,0.07750588235294117
2019-03-30 11:50:00,2019,089,20190891150,19.254794520547946,0.08305882352941177
2019-03-30 13:30:00,2019,089,20190891330,19.254794520547946,0.09273622047244094
2019-04-03 11:25:00,2019,093,20190931125,19.265753424657536,0.26422340425531915
2019-04-03 13:05:00,2019,093,20190931305,19.265753424657536,0.18175999999999998
2019-04-04 10:30:00,2019,094,20190941030,19.268493150684932,0.03349019607843137
2019-04-04 12:05:00,2019,094,20190941205,19.268493150684932,0.006388235294117648
2019-04-04 13:50:00,2019,094,20190941350,19.268493150684932,0.048
2019-04-11 10:35:00,2019,101,20191011035,19.28767123287671,0.14659174311926607
2019-04-12 11:15:00,2019,102,20191021115,19.29041095890411,0.0809686274509804
2019-04-12 13:00:00,2019,102,20191021300,19.29041095890411,0.055360784313725486
2019-04-13 10:20:00,2019,103,20191031020,19.293150684931508,0.08718823529411765
2019-04-13 12:00:00,2019,103,20191031200,19.293150684931508,0.037556862745098035
2019-04-13 13:45:00,2019,103,20191031345,19.293150684931508,0.04833333333333333
2019-04-14 12:50:00,2019,104,20191041250,19.295890410958904,0.13814285714285715
2019-04-27 10:35:00,2019,117,20191171035,19.33150684931507,0.13078823529411765
2019-04-27 13:55:00,2019,117,20191171355,19.33150684931507,0.08643921568627451
2019-04-28 11:15:00,2019,118,20191181115,19.334246575342465,0.192
2019-04-28 13:00:00,2019,118,20191181300,19.334246575342465,0.12245098039215686
2019-04-29 10:20:00,2019,119,20191191020,19.336986301369862,0.09154509803921569
2019-04-29 12:00:00,2019,119,20191191200,19.336986301369862,0.06425373134328358
2019-05-04 10:40:00,2019,124,20191241040,19.350684931506848,0.11897254901960784
2019-05-04 14:00:00,2019,124,20191241400,19.350684931506848,0.045933070866141734
2019-05-05 11:25:00,2019,125,20191251125,19.353424657534248,0.14943700787401573
2019-05-05 13:05:00,2019,125,20191251305,19.353424657534248,0.13081739130434783
2019-05-09 11:00:00,2019,129,20191291100,19.364383561643837,0.20395564516129033
2019-05-09 12:40:00,2019,129,20191291240,19.364383561643837,0.1372775119617225
2019-05-11 10:45:00,2019,131,20191311045,19.36986301369863,0.1808078431372549
2019-05-11 12:30:00,2019,131,20191311230,19.36986301369863,0.10357254901960784
2019-05-11 14:05:00,2019,131,20191311405,19.36986301369863,0.10479411764705883
2019-05-12 11:30:00,2019,132,20191321130,19.372602739726027,0.10785490196078432
2019-05-12 13:15:00,2019,132,20191321315,19.372602739726027,0.1312961373390558
2019-05-13 10:35:00,2019,133,20191331035,19.375342465753423,0.10536078431372549
2019-05-13 13:55:00,2019,133,20191331355,19.375342465753423,0.054831372549019604
2019-05-14 11:15:00,2019,134,20191341115,19.378082191780823,0.14531451612903226
2019-05-14 13:00:00,2019,134,20191341300,19.378082191780823,0.07369803921568628
2019-05-15 10:20:00,2019,135,20191351020,19.38082191780822,0.07641960784313725
2019-05-15 12:00:00,2019,135,20191351200,19.38082191780822,0.03520392156862745
2019-05-16 11:05:00,2019,136,20191361105,19.383561643835616,0.23046610169491527
2019-05-16 12:50:00,2019,136,20191361250,19.383561643835616,0.14263529411764705
2020-03-14 10:20:00,2020,074,20200741020,20.213698630136985,0.12616470588235296
2020-03-14 12:00:00,2020,074,20200741200,20.213698630136985,0.0927764705882353
2020-03-14 13:45:00,2020,074,20200741345,20.213698630136985,0.09672727272727273
2020-03-15 11:05:00,2020,075,20200751105,20.216438356164385,0.3571947368421053
2020-03-19 10:40:00,2020,079,20200791040,20.22739726027397,0.48523555555555553
2020-03-25 11:40:00,2020,085,20200851140,20.243835616438357,0.12390980392156863
2020-03-26 10:45:00,2020,086,20200861045,20.246575342465754,0.0870313725490196
2020-03-26 12:30:00,2020,086,20200861230,20.246575342465754,0.04795294117647059
2020-03-26 14:10:00,2020,086,20200861410,20.246575342465754,0.019972549019607842
2020-03-28 10:35:00,2020,088,20200881035,20.252054794520546,0.09145882352941176
2020-03-28 13:55:00,2020,088,20200881355,20.252054794520546,0.050666666666666665
2020-03-29 11:15:00,2020,089,20200891115,20.254794520547946,0.14535021097046413
2020-03-29 13:00:00,2020,089,20200891300,20.254794520547946,0.09059448818897639
2020-04-02 10:55:00,2020,093,20200931055,20.265753424657536,0.2727777777777778
2020-04-03 11:35:00,2020,094,20200941135,20.268493150684932,0.07442352941176471
2020-04-03 13:20:00,2020,094,20200941320,20.268493150684932,0.045326771653543305
2020-04-04 10:40:00,2020,095,20200951040,20.27123287671233,0.16324107142857142
2020-04-12 11:30:00,2020,103,20201031130,20.293150684931508,0.1460313725490196
2020-04-12 13:15:00,2020,103,20201031315,20.293150684931508,0.12876494023904383
2020-04-25 11:00:00,2020,116,20201161100,20.328767123287673,0.25088976377952754
2020-04-25 12:40:00,2020,116,20201161240,20.328767123287673,0.19415023474178403
2020-05-03 11:50:00,2020,124,20201241150,20.350684931506848,0.08157619047619048
2020-05-03 13:30:00,2020,124,20201241330,20.350684931506848,0.15266666666666664
2020-05-08 10:30:00,2020,129,20201291030,20.364383561643837,0.12974117647058825
2020-05-08 12:05:00,2020,129,20201291205,20.364383561643837,0.070452
2020-05-17 10:20:00,2020,138,20201381020,20.389041095890413,0.15995294117647058
2020-05-17 13:45:00,2020,138,20201381345,20.389041095890413,0.16230851063829785
2021-03-15 10:35:00,2021,074,20210741035,21.216438356164385,0.06565490196078431
2021-03-15 13:55:00,2021,074,20210741355,21.216438356164385,0.018525490196078433
2021-03-16 11:15:00,2021,075,20210751115,21.21917808219178,0.1081304347826087
2021-03-16 13:00:00,2021,075,20210751300,21.21917808219178,0.009411764705882354
2021-03-17 10:20:00,2021,076,20210761020,21.221917808219178,0.05009803921568628
2021-03-17 12:00:00,2021,076,20210761200,21.221917808219178,0.009450980392156864
2021-03-17 13:45:00,2021,076,20210761345,21.221917808219178,0.018501960784313726
2021-03-20 10:50:00,2021,079,20210791050,21.23013698630137,0.0971843137254902
2021-03-20 12:35:00,2021,079,20210791235,21.23013698630137,0.027549019607843138
2021-03-20 14:15:00,2021,079,20210791415,21.23013698630137,0.013654901960784314
2021-03-21 11:35:00,2021,080,20210801135,21.232876712328768,0.06292561983471075
2021-03-22 10:40:00,2021,081,20210811040,21.235616438356164,0.121796
2021-03-23 11:20:00,2021,082,20210821120,21.23835616438356,0.09685882352941176
2021-03-23 13:05:00,2021,082,20210821305,21.23835616438356,0.024258823529411763
2021-03-24 10:25:00,2021,083,20210831025,21.24109589041096,0.10004313725490196
2021-03-24 12:05:00,2021,083,20210831205,21.24109589041096,0.04581960784313725
2021-03-24 13:50:00,2021,083,20210831350,21.24109589041096,0.05403921568627451
2021-03-25 11:10:00,2021,084,20210841110,21.243835616438357,0.088984
2021-03-25 12:55:00,2021,084,20210841255,21.243835616438357,0.06585490196078432
2021-03-26 10:15:00,2021,085,20210851015,21.246575342465754,0.24482432432432433
2021-03-28 11:40:00,2021,087,20210871140,21.252054794520546,0.22826315789473686
2021-03-31 10:35:00,2021,090,20210901035,21.26027397260274,0.6949565217391304
2021-03-31 13:55:00,2021,090,20210901355,21.26027397260274,0.4536470588235294
2021-04-01 13:00:00,2021,091,20210911300,21.263013698630136,0.20741960784313723
2021-04-04 11:45:00,2021,094,20210941145,21.27123287671233,0.12325882352941177
2021-04-04 13:30:00,2021,094,20210941330,21.27123287671233,0.09672332015810277
2021-04-05 10:50:00,2021,095,20210951050,21.273972602739725,0.12405490196078432
2021-04-05 12:35:00,2021,095,20210951235,21.273972602739725,0.08454117647058824
2021-04-05 14:15:00,2021,095,20210951415,21.273972602739725,0.034760784313725486
2021-04-06 11:35:00,2021,096,20210961135,21.276712328767122,0.051937254901960786
2021-04-06 13:20:00,2021,096,20210961320,21.276712328767122,0.027397637795275587
2021-04-07 10:40:00,2021,097,20210971040,21.279452054794522,0.1405042016806723
2021-04-07 14:00:00,2021,097,20210971400,21.279452054794522,0.05241176470588235
2021-04-12 10:55:00,2021,102,20211021055,21.293150684931508,0.14127058823529412
2021-04-17 11:15:00,2021,107,20211071115,21.306849315068494,0.1573531746031746
2021-04-17 13:00:00,2021,107,20211071300,21.306849315068494,0.0793607843137255
2021-04-18 10:20:00,2021,108,20211081020,21.30958904109589,0.12567058823529412
2021-04-18 12:00:00,2021,108,20211081200,21.30958904109589,0.06512941176470588
2021-04-18 13:45:00,2021,108,20211081345,21.30958904109589,0.07031225296442688
2021-05-02 10:30:00,2021,122,20211221030,21.34794520547945,0.2804490740740741
2021-05-04 10:20:00,2021,124,20211241020,21.353424657534248,0.15456903765690375
2021-05-04 12:00:00,2021,124,20211241200,21.353424657534248,0.12051709401709403
2021-05-04 13:45:00,2021,124,20211241345,21.353424657534248,0.0857520325203252
2021-05-05 11:05:00,2021,125,20211251105,21.356164383561644,0.10414566929133857
2021-05-05 12:50:00,2021,125,20211251250,21.356164383561644,0.10800392156862745
2021-05-06 11:45:00,2021,126,20211261145,21.35890410958904,0.07629019607843138
2021-05-06 13:30:00,2021,126,20211261330,21.35890410958904,0.07183794466403162
2021-05-07 10:50:00,2021,127,20211271050,21.361643835616437,0.14180784313725492
2021-05-07 12:35:00,2021,127,20211271235,21.361643835616437,0.0916313725490196
2021-05-07 14:15:00,2021,127,20211271415,21.361643835616437,0.05271764705882353
2021-05-08 13:20:00,2021,128,20211281320,21.364383561643837,0.1982785388127854
2021-05-14 10:55:00,2021,134,20211341055,21.38082191780822,0.1289203187250996
2021-05-14 12:40:00,2021,134,20211341240,21.38082191780822,0.0565764705882353
2021-05-17 11:25:00,2021,137,20211371125,21.389041095890413,0.07585882352941177
2021-05-17 13:10:00,2021,137,20211371310,21.389041095890413,0.057144
2021-05-18 10:30:00,2021,138,20211381030,21.39178082191781,0.11194466403162055
